lang_ID,Language,Language_Native,Indicator_Native,Explanation,Rank,Target,Matrix,Country Dashboard,Key Indicators of Economic Growth,Growth Enablers,Note,MK_WB,MK_EU,T_KEY,T_Growth,Empty,E_KEY,E_GROWTH,Source,GDP,UNEMP,EMP,EXP,CREDIT,FDI,PISA,STEM,SKILLS,GCI,INV,R&D,DF,ROL,EPI
1,English,English,Indicator,Explanation,Rank,Target,Matrix for measuring economic progress,Country Dashboard,Key Indicators of Economic Growth,Growth Enablers,"Note: There are in total 19 peer ranking countries which are used as an anchor to assess the country progress. They are divided in two subgroups. The first group, the so-called ""Aspirational Peers"", are the ""New EU Member States"": Bulgaria, Croatia, Cyprus, Czech Republic, Estonia, Hungary, Latvia, Lithuania, Malta, Poland, Romania, Slovenia and Slovakia. The second group of countries are the so-called ""Structural Peers"", i.e. the Western Balkan countries comprised of Albania, Bosnia and Herzegovina, Kosovo, Montenegro and Serbia. If data are lacking for some country or a specific indicator, then the rank is shown using the group of countries for which data are available (i.e. less than 19 countries).",Macedonia and Western Balkan Countries,Macedonia and the New European Countries,Targets of Key Indicators,Targets of the Growth Enablers,"For these indicators, the calculations shown are for the previous year, since the selected year's value ihas not yet been published.",Key Indicators of Economic Growth (explained):,Growth enablers (explained):,Data source,GDP growth 5 Year average (%) - Gross domestic product (GDP) is the total monetary or market value of all the finished goods and services produced within a country's borders in a specific time period. Calculated as average growth for the last five years.,Unemployment rate - Unemployment rate measures the share of workers in the labor force who do not currently have a job but are actively looking for work. Calculated as percentage of unemployed people between the age of  15 and 65 years old.,"Employment growth - Calculated as Growth in employment compared to previous year, for workers between the age of 15 and 65 years old.",Exports growth - Exports are goods and services that are produced in one country and sold to buyers in another. Calculated as export growth compared to previous year.,Credit rating (S&P) - A credit rating is an independent assessment of the creditworthiness of a country or sovereign entity. Standard & Poor's (S&P) is a United States-based financial services company.,FDI (Foreign Direct Investments) -  is an investment in the form of a controlling ownership in a business in one country by an entity based in another country. Calculated as a percentage of GDP.,,,,,,,,,
2,Macedonian,Македонски,Индикатори,Објаснување,Ранг,Цел,Матрица за мерење на економски напредок,Информативен панел,Клучни индикатори за економски раст,Овозможувачи на раст,"Белешка: Вкупно има 19 земји со рангирање на врсници кои се користат како сидро за проценка на напредокот на земјата. Тие се поделени во две подгрупи. Првата група, т.н. „Аспиративни врсници“ се „новите земји-членки на ЕУ“: Бугарија, Хрватска, Кипар, Чешка, Естонија, Унгарија, Латвија, Литванија, Малта, Полска, Романија, Словенија и Словачка. Втората група на земји се т.н. „Структурни врсници“, т.е. земјите од Западен Балкан составени од Албанија, Босна и Херцеговина, Косово, Црна Гора и Србија. Ако недостасуваат податоци за некоја земја или специфичен индикатор, тогаш рангот е прикажан со користење на групата земји за кои се достапни податоци (т.е. помалку од 19 земји).",Македонија и земјите од Западен Балкан,Македонија и новите европски земји,Таргети на клучните индикатори,Таргети на овозможувачите на раст,"За овие индикатори, прикажаните пресметки се за претходната година, бидејќи вредноста на избраната година сè уште не е објавена.",Клучни индикатори за економски раст (објаснето):,Овозможувачи на раст (објаснето):,Извор на податоци,Раст на БДП Просек од 5 години (%) - Бруто домашен производ (БДП) е вкупна монетарна или пазарна вредност на сите готови производи и услуги произведени во рамките на границите на земјата во одреден временски период. Пресметано како просечен раст за последните пет години.,"Стапка на невработеност - Стапката на невработеност го мери уделот на работниците во работната сила кои во моментов немаат работа, но активно бараат работа. Пресметано како процент на невработени лица на возраст од 15 до 65 години.","Раст на вработеноста - Пресметан како раст на вработеноста во споредба со претходната година, за работници на возраст од 15 до 65 години.",Раст на извозот - Извозот е стока и услуги кои се произведуваат во една земја и се продаваат на купувачи во друга. Пресметано како раст на извозот во споредба со претходната година.,Кредитен рејтинг (S&P) - Кредитен рејтинг е независна проценка на кредитната способност на една земја или суверен субјект. Standard & Poor's (S&P) е компанија со финансиски услуги со седиште во САД.,СДИ (странски директни инвестиции) - е инвестиција во форма на контролирана сопственост во деловна активност во една земја од страна на субјект со седиште во друга земја. Пресметано како процент од БДП.,,,,,,,,,
3,Albanian,Shqip,Treguesi,Shpjegim,Gradë,Synimi,Matrica për matjen e progresit ekonomik,Paneli i Vendit,Treguesit kryesorë të rritjes ekonomike,Mundësuesit e rritjes,"Shënim: Ekzistojnë gjithsej 19 vende me renditje të kolegëve që përdoren si spirancë për të vlerësuar përparimin e vendit. Ata janë të ndarë në dy nëngrupe. Grupi i parë, të ashtuquajturit ""Moshatarë Aspiratorë"", janë ""Shtetet e reja Anëtare të BE"": Bullgaria, Kroacia, Qipro, Republika Çeke, Estonia, Hungaria, Letonia, Lituania, Malta, Polonia, Rumania, Sllovenia dhe Sllovakia. Grupi i dytë i vendeve janë të ashtuquajturit ""kolegë strukturorë"", d.m.th. vendet e Ballkanit Perëndimor të përbërë nga Shqipëria, Bosnja dhe Hercegovina, Kosova, Mali i Zi dhe Serbia. Nëse të dhënat mungojnë për ndonjë vend ose një tregues specifik, atëherë niveli tregohet duke përdorur grupin e vendeve për të cilat janë të disponueshme të dhënat (d.m.th. më pak se 19 vende).",Maqedonia dhe vendet e Ballkanit Perëndimor,Maqedonia dhe vendet e reja evropiane,Synimet e Treguesve Kryesorë,Synimet e Mundësuesve të Rritjes,"Për këta tregues, llogaritjet e treguara janë për vitin paraprak, pasi vlera e vitit të përzgjedhur nuk është publikuar ende.",Treguesit kryesorë të rritjes ekonomike (shpjeguar):,Mundësuesit e rritjes (shpjeguar):,Burim i të dhënave,Rritja e GDP 5 Mesatarja e vitit (%) - Produkti i brendshëm bruto (PBB) është vlera totale monetare ose e tregut e të gjitha mallrave të gatshme dhe shërbimeve të prodhuara brenda kufijve të një vendi në një periudhë specifike kohore. Llogaritur si rritje mesatare për pesë vitet e fundit.,"Shkalla e papunësisë - Shkalla e papunësisë mat pjesën e punëtorëve në fuqinë punëtore të cilët aktualisht nuk kanë një punë, por kërkojnë në mënyrë aktive punë. Llogaritur si përqindje e njerëzve të papunë midis moshës 15 dhe 65 vjeç.","Rritja e punësimit - Llogaritur si Rritja e punësimit krahasuar me vitin e kaluar, për punëtorët midis moshës 15 dhe 65 vjeç.",Rritja e eksporteve - Eksportet janë mallra dhe shërbime që prodhohen në një vend dhe u shiten blerësve në një tjetër. Llogaritur si rritje e eksportit krahasuar me vitin e kaluar.,Vlerësimi i kredisë (S&P) - Vlerësimi i kredisë është një vlerësim i pavarur i aftësisë së kreditit të një vendi ose entiteti sovran. Standard & Poor's (S&P) është një kompani e shërbimeve financiare me seli në Shtetet e Bashkuara.,IHD (Investimet e Huaja Direkte) - është një investim në formën e një pronësie kontrolluese në një biznes në një vend nga një njësi ekonomike me bazë në një vend tjetër. Llogaritur si përqindje e PBB-së.,,,,,,,,,
4,Serbian,Српски,Показатељ,Објашњење,Ранг,Циљ,Матрица за мерење економског напретка,Информативни панел,Кључни показатељи економског раста,Омогућавачи раста,"Напомена: Укупно постоји 19 земаља међу вршњацима које се користе као сидро за процену напретка земље. Подељени су у две подгрупе. Прва група, такозвани „Аспирациони вршњаци“, су „Нове државе чланице ЕУ“: Бугарска, Хрватска, Кипар, Чешка, Естонија, Мађарска, Летонија, Литванија, Малта, Пољска, Румунија, Словенија и Словачка. Друга група земаља су такозвани „Структурни вршњаци“, тј. Земље западног Балкана које чине Албанија, Босна и Херцеговина, Косово, Црна Гора и Србија. Ако за неку земљу недостају подаци или одређени индикатор, тада се ранг приказује користећи групу земаља за које су подаци доступни (тј. Мање од 19 земаља).",Македоније и земаља западног Балкана,Македонија и нове европске земље,Циљеви кључних показатеља,Циљеви који омогућавају раст,"За ове показатеље приказани израчуни су за претходну годину, јер вредност изабране године још увек није објављена.",Кључни показатељи економског раста (објашњено):,Омогућавачи раста (објашњено):,Извор података,Раст БДП-а 5-годишњи просек (%) - Бруто домаћи производ (БДП) је укупна новчана или тржишна вредност свих готових производа и услуга произведених унутар граница неке земље у одређеном временском периоду. Израчунато као просечни раст у последњих пет година.,"Стопа незапослености - Стопа незапослености мери удео радника у радној снази који тренутно немају посао, али активно траже посао. Израчунато као проценат незапослених између 15 и 65 година.","Раст запослености - Израчунато као раст запослености у поређењу са претходном годином, за раднике између 15 и 65 година.","Раст извоза - извоз је роба и услуге које се производе у једној земљи, а продају купцима у другој. Израчунато као раст извоза у односу на претходну годину.",Кредитни рејтинг (С&П) - Кредитни рејтинг је независна процена кредитне способности земље или сувереног ентитета. Стандард & Поор'с (С&П) је компанија за финансијске услуге са седиштем у Сједињеним Државама.,СДИ (стране директне инвестиције) - је улагање у облику контролног власништва над предузећем у једној земљи од стране ентитета са седиштем у другој земљи. Израчунато као проценат БДП-а.,,,,,,,,,
5,Turkish,Türkçe ,Gösterge,Açıklama,Sıra,Hedef,Ekonomik ilerlemeyi ölçmek için matris,Ülke Gösterge Tablosu,Ekonomik Büyümenin Temel Göstergeleri,Büyüme Sağlayıcılar,"Not: Ülkenin ilerlemesini değerlendirmek için çapa olarak kullanılan toplam 19 emsal sıralaması ülke vardır. İki alt gruba ayrılırlar. İlk grup, sözde ""İstenen Akranlar"", ""Yeni AB Üye Devletleri"" dir: Bulgaristan, Hırvatistan, Kıbrıs, Çek Cumhuriyeti, Estonya, Macaristan, Letonya, Litvanya, Malta, Polonya, Romanya, Slovenya ve Slovakya. İkinci grup ülke sözde ""Yapısal Akranlar"", yani Arnavutluk, Bosna Hersek, Kosova, Karadağ ve Sırbistan'dan oluşan Batı Balkan ülkeleridir. Bazı ülkeler veya belirli bir gösterge için veri eksikse, sıralama, verilerin mevcut olduğu ülkeler grubu kullanılarak gösterilir (yani 19'dan az ülke).",Makedonya ve Batı Balkan Ülkeleri,Makedonya ve Yeni Avrupa Ülkeleri,Temel Göstergelerin Hedefleri,Büyümeyi Sağlayıcıların Hedefleri,"Bu göstergeler için gösterilen hesaplamalar, seçilen yılın değeri henüz yayınlanmadığından önceki yıla aittir.",Ekonomik Büyümenin Temel Göstergeleri (açıklandı):,Büyüme sağlayıcıları (açıklandı):,Veri kaynağı,"GSYİH büyümesi 5 Yıllık ortalama (%) - Gayri safi yurtiçi hasıla (GSYİH), belirli bir zaman diliminde bir ülkenin sınırları içinde üretilen tüm bitmiş mal ve hizmetlerin toplam parasal veya piyasa değeridir. Son beş yıllık ortalama büyüme olarak hesaplanmıştır.","İşsizlik oranı - İşsizlik oranı, şu anda bir işi olmayan ancak aktif olarak iş arayan işçilerin işgücündeki payını ölçer. 15 ile 65 yaş arasındaki işsizlerin yüzdesi olarak hesaplanmıştır.",İstihdam artışı - 15 ile 65 yaş arasındaki çalışanlar için bir önceki yıla göre istihdamda büyüme olarak hesaplanmıştır.,"İhracat artışı - İhracat, bir ülkede üretilen ve başka bir ülkede alıcılara satılan mal ve hizmetlerdir. Bir önceki yıla göre ihracat artışı olarak hesaplanmıştır.","Kredi notu (S&P) - Kredi notu, bir ülkenin veya bağımsız bir kuruluşun kredi itibarının bağımsız bir değerlendirmesidir. Standard & Poor's (S&P), Amerika Birleşik Devletleri merkezli bir finansal hizmetler şirketidir.","DYY (Doğrudan Yabancı Yatırımlar) - bir ülkedeki bir işletmede, başka bir ülkede bulunan bir kuruluş tarafından kontrol edilen mülkiyet şeklindeki bir yatırımdır. GSYİH yüzdesi olarak hesaplanır.",,,,,,,,,
6,Greek,Ελληνικά,Δείκτης,Εξήγηση,Τάξη,Στόχος,Πίνακας για τη μέτρηση της οικονομικής προόδου,Πίνακας ελέγχου χώρας,Βασικοί δείκτες οικονομικής ανάπτυξης,Ενεργοποιητές ανάπτυξης,"Σημείωση: Υπάρχουν συνολικά 19 χώρες κατάταξης από ομοτίμους που χρησιμοποιούνται ως άγκυρα για την αξιολόγηση της προόδου της χώρας. Χωρίζονται σε δύο υποομάδες. Η πρώτη ομάδα, τα λεγόμενα ""Φιλοδοξικά άτομα"", είναι τα ""Νέα κράτη μέλη της ΕΕ"": Βουλγαρία, Κροατία, Κύπρος, Τσεχία, Εσθονία, Ουγγαρία, Λετονία, Λιθουανία, Μάλτα, Πολωνία, Ρουμανία, Σλοβενία και Σλοβακία Η δεύτερη ομάδα χωρών είναι οι λεγόμενοι ""Διαρθρωτικοί Ομότιμοι"", δηλαδή οι χώρες των Δυτικών Βαλκανίων που αποτελούνται από Αλβανία, Βοσνία-Ερζεγοβίνη, Κοσσυφοπέδιο, Μαυροβούνιο και Σερβία. Εάν λείπουν δεδομένα για κάποια χώρα ή έναν συγκεκριμένο δείκτη, τότε η κατάταξη εμφανίζεται χρησιμοποιώντας την ομάδα χωρών για τις οποίες υπάρχουν διαθέσιμα δεδομένα (δηλαδή λιγότερες από 19 χώρες).",Χώρες της Μακεδονίας και των Δυτικών Βαλκανίων,Η πΓΔΜ και οι νέες ευρωπαϊκές χώρες,Στόχοι βασικών δεικτών,Στόχοι των Ενεργοποιητών Ανάπτυξης,"Για αυτούς τους δείκτες, οι υπολογισμοί που εμφανίζονται είναι για το προηγούμενο έτος, καθώς η τιμή του επιλεγμένου έτους δεν έχει δημοσιευτεί ακόμη.",Βασικοί δείκτες οικονομικής ανάπτυξης (εξηγείται):,Ενεργοποιητές ανάπτυξης (εξηγείται):,Πηγή δεδομένων,Αύξηση του ΑΕΠ Μέσος όρος 5 ετών (%) - Το ακαθάριστο εγχώριο προϊόν (ΑΕΠ) είναι η συνολική νομισματική ή αγοραία αξία όλων των τελικών αγαθών και υπηρεσιών που παράγονται εντός των συνόρων μιας χώρας σε μια συγκεκριμένη χρονική περίοδο. Υπολογίστηκε ως μέση αύξηση τα τελευταία πέντε χρόνια.,Ποσοστό ανεργίας - Το ποσοστό ανεργίας μετρά το μερίδιο των εργαζομένων στο εργατικό δυναμικό που δεν έχουν επί του παρόντος εργασία αλλά αναζητούν ενεργά εργασία. Υπολογίζεται ως ποσοστό ανέργων ηλικίας μεταξύ 15 και 65 ετών.,"Αύξηση της απασχόλησης - Υπολογίζεται ως αύξηση της απασχόλησης σε σύγκριση με το προηγούμενο έτος, για εργαζόμενους ηλικίας 15 έως 65 ετών.",Αύξηση εξαγωγών - Οι εξαγωγές είναι αγαθά και υπηρεσίες που παράγονται σε μια χώρα και πωλούνται σε αγοραστές σε άλλη. Υπολογίστηκε ως αύξηση των εξαγωγών σε σύγκριση με το προηγούμενο έτος.,Αξιολόγηση πιστοληπτικής ικανότητας (S&P) - Η αξιολόγηση πιστοληπτικής ικανότητας είναι ανεξάρτητη αξιολόγηση της πιστοληπτικής ικανότητας μιας χώρας ή κρατικής οντότητας. Η Standard & Poor's (S&P) είναι εταιρεία χρηματοοικονομικών υπηρεσιών με έδρα τις Ηνωμένες Πολιτείες.,FDI (Άμεσες Ξένες Επενδύσεις) - είναι μια επένδυση με τη μορφή ελεγχόμενης ιδιοκτησίας σε μια επιχείρηση σε μια χώρα από οντότητα που εδρεύει σε άλλη χώρα. Υπολογίζεται ως ποσοστό του ΑΕΠ.,,,,,,,,,
7,Hungarian,Magyarul,Indikátor,Magyarázat,Rang,Cél,Mátrix a gazdasági fejlődés mérésére,Ország Irányítópult,A gazdasági növekedés fő mutatói,Növekedést elősegítők,"Megjegyzés: Összesen 19 kortárs rangsoroló ország van, amelyet horgonyként használnak az ország fejlődésének értékelésére. Két alcsoportra vannak felosztva. Az első csoport, az úgynevezett ""Aspirációs társak"" az ""Új EU-tagállamok"": Bulgária, Horvátország, Ciprus, Csehország, Észtország, Magyarország, Lettország, Litvánia, Málta, Lengyelország, Románia, Szlovénia és Szlovákia. A második országcsoport az úgynevezett ""strukturális társak"", vagyis a nyugat-balkáni országok, amelyek Albániából, Bosznia és Hercegovinából, Koszovóból, Montenegróból és Szerbiából állnak. Ha egyes országok vagy egy konkrét mutató hiányzik, akkor a rangsor azon országok csoportjával jelenik meg, amelyekre vonatkozóan rendelkezésre állnak adatok (vagyis kevesebb, mint 19 ország).",Macedónia és a nyugat-balkáni országok,Macedónia és az új európai országok,A legfontosabb mutatók céljai,A növekedést elősegítő célok,"Ezen mutatók esetében a bemutatott számítások az előző évre vonatkoznak, mivel a kiválasztott év értékét még nem tették közzé.",A gazdasági növekedés fő mutatói (magyarázat):,Növekedést elősegítő tényezők (magyarázat):,Adatforrás,GDP növekedése 5 Éves átlag (%) - A bruttó hazai termék (GDP) az adott ország határain belül egy adott időszakban előállított összes késztermék és szolgáltatás teljes monetáris vagy piaci értéke. Az elmúlt öt év átlagos növekedése.,"Munkanélküliségi ráta - A munkanélküliségi ráta a munkaerőből azon munkavállalók arányát méri, akik jelenleg nem rendelkeznek munkával, de aktívan munkát keresnek. A 15 és 65 év közötti munkanélküliek százalékában számítva.",Foglalkoztatás növekedése - A foglalkoztatás növekedése az előző évhez képest a 15 és 65 év közötti munkavállalók esetében.,"Az export növekedése - Az export olyan áruk és szolgáltatások, amelyeket az egyik országban állítanak elő, és egy másik országban értékesítenek a vásárlók számára. Exportnövekedésként számolva az előző évhez képest.",Hitelminősítés (S&P) - A hitelminősítés egy ország vagy egy szuverén szervezet hitelképességének független értékelése. A Standard & Poor's (S&P) az Egyesült Államokban székhellyel rendelkező pénzügyi szolgáltató társaság.,FDI (közvetlen külföldi tőkebefektetések) - egy másik országban székhellyel rendelkező egység által az egyik országban működő vállalkozás irányító tulajdonjoga formájában megvalósított befektetés. A GDP százalékában számítva.,,,,,,,,,
8,German,Deutsch,Indikator,Erläuterung,Rang,Ziel,Matrix zur Messung des wirtschaftlichen Fortschritts,Länder-Dashboard,Schlüsselindikatoren für das Wirtschaftswachstum,Wachstumsförderer,"Hinweis: Insgesamt gibt es 19 Peer-Ranking-Länder, die als Anker zur Bewertung des Länderfortschritts dienen. Sie sind in zwei Untergruppen unterteilt. Die erste Gruppe, die sogenannten ""Aspirational Peers"", sind die ""neuen EU-Mitgliedstaaten"": Bulgarien, Kroatien, Zypern, Tschechische Republik, Estland, Ungarn, Lettland, Litauen, Malta, Polen, Rumänien, Slowenien und die Slowakei. Die zweite Gruppe von Ländern sind die sogenannten ""Structural Peers"", d. H. Die westlichen Balkanländer, bestehend aus Albanien, Bosnien und Herzegowina, Kosovo, Montenegro und Serbien. Wenn Daten für ein Land oder einen bestimmten Indikator fehlen, wird der Rang anhand der Gruppe von Ländern angezeigt, für die Daten verfügbar sind (d. H. Weniger als 19 Länder).",Mazedonien und westliche Balkanländer,Mazedonien und die neuen europäischen Länder,Ziele von Schlüsselindikatoren,Ziele der Wachstumsförderer,"Für diese Indikatoren beziehen sich die angezeigten Berechnungen auf das Vorjahr, da der ausgewählte Jahreswert noch nicht veröffentlicht wurde.",Schlüsselindikatoren für das Wirtschaftswachstum (erklärt):,Wachstumsförderer (erklärt):,Datenquelle,BIP-Wachstum 5-Jahres-Durchschnitt (%) - Das Bruttoinlandsprodukt (BIP) ist der gesamte Geld- oder Marktwert aller in einem bestimmten Zeitraum innerhalb der Landesgrenzen hergestellten Fertigwaren und Dienstleistungen. Berechnet als durchschnittliches Wachstum der letzten fünf Jahre.,"Arbeitslosenquote - Die Arbeitslosenquote misst den Anteil der Arbeitnehmer an der Erwerbsbevölkerung, die derzeit keine Arbeit haben, aber aktiv nach Arbeit suchen. Berechnet als Prozentsatz der Arbeitslosen zwischen 15 und 65 Jahren.",Beschäftigungswachstum - Berechnet als Beschäftigungswachstum im Vergleich zum Vorjahr für Arbeitnehmer zwischen 15 und 65 Jahren.,"Exportwachstum - Exporte sind Waren und Dienstleistungen, die in einem Land hergestellt und an Käufer in einem anderen verkauft werden. Berechnet als Exportwachstum gegenüber dem Vorjahr.",Bonität (S & P) - Eine Bonität ist eine unabhängige Beurteilung der Kreditwürdigkeit eines Landes oder einer staatlichen Einheit. Standard & Poor's (S & P) ist ein in den USA ansässiges Finanzdienstleistungsunternehmen.,FDI (Foreign Direct Investments) - ist eine Investition in Form einer Mehrheitsbeteiligung an einem Unternehmen in einem Land durch ein Unternehmen mit Sitz in einem anderen Land. Berechnet als Prozentsatz des BIP.,,,,,,,,,
9,Russian,Русский,Показатель,Объяснение,Ранг,Цель,Матрица измерения экономического прогресса,Информативный панель,Ключевые показатели экономического роста,Факторы роста,"Примечание. Всего насчитывается 19 стран с сопоставимым рейтингом, которые используются в качестве якоря для оценки прогресса страны. Они делятся на две подгруппы. Первая группа, так называемые «вдохновляющие сверстники», - это «новые государства-члены ЕС»: Болгария, Хорватия, Кипр, Чешская Республика, Эстония, Венгрия, Латвия, Литва, Мальта, Польша, Румыния, Словения и Словакия. Вторая группа стран - это так называемые «структурные партнеры», то есть страны Западных Балкан, в состав которых входят Албания, Босния и Герцеговина, Косово, Черногория и Сербия. Если данные по какой-либо стране или конкретному показателю отсутствуют, то рейтинг отображается с использованием группы стран, по которым имеются данные (т.е. менее 19 стран).",Македония и страны Западных Балкан,Македония и новые европейские страны,Цели ключевых индикаторов,Цели факторов роста,"Для этих показателей показаны расчеты за предыдущий год, поскольку значение выбранного года еще не опубликовано.",Ключевые показатели экономического роста (объяснение):,Факторы роста (объяснение):,Источник данных,"Рост ВВП в среднем за 5 лет (%) - Валовой внутренний продукт (ВВП) - это общая денежная или рыночная стоимость всех готовых товаров и услуг, произведенных в пределах страны за определенный период времени. Рассчитывается как средний рост за последние пять лет.","Уровень безработицы - Уровень безработицы измеряет долю работников в рабочей силе, которые в настоящее время не имеют работы, но активно ищут работу. Рассчитывается как процент безработных в возрасте от 15 до 65 лет.",Рост занятости - рассчитывается как рост занятости по сравнению с предыдущим годом для работников в возрасте от 15 до 65 лет.,"Рост экспорта. Экспорт - это товары и услуги, которые производятся в одной стране и продаются покупателям в другой. Рассчитано как рост экспорта по сравнению с предыдущим годом.","Кредитный рейтинг (S&P). Кредитный рейтинг - это независимая оценка кредитоспособности страны или суверенного лица. Standard & Poor's (S&P) - это компания, предоставляющая финансовые услуги в США.","ПИИ (прямые иностранные инвестиции) - это инвестиции в форме контролирующего владения бизнесом в одной стране юридическим лицом, зарегистрированным в другой стране. Рассчитывается как процент от ВВП.",,,,,,,,,
10,Bulgarian,Български,Индикатор,Обяснение,Ранг,Мишена,Матрица за измерване на икономическия прогрес,Табло за управление на страната,Основни показатели за икономически растеж,Активиращи растежа,"Забележка: Има общо 19 страни с равнопоставена класация, които се използват като котва за оценка на напредъка на страната. Те са разделени на две подгрупи. Първата група, така наречените „Аспирационни връстници“, са „новите държави-членки на ЕС“: България, Хърватия, Кипър, Чехия, Естония, Унгария, Латвия, Литва, Малта, Полша, Румъния, Словения и Словакия. Втората група държави са така наречените ""Структурни партньори"", т.е. страните от Западните Балкани, съставени от Албания, Босна и Херцеговина, Косово, Черна гора и Сърбия. Ако липсват данни за дадена държава или конкретен индикатор, тогава рангът се показва, като се използва групата държави, за които са налични данни (т.е. по-малко от 19 държави).",Македония и страните от Западните Балкани,Македония и новите европейски страни,Цели на ключови показатели,Цели на стимулиращите растежа,"За тези показатели показаните изчисления са за предходната година, тъй като стойността на избраната година все още не е публикувана.",Основни показатели за икономически растеж (обяснено):,Активисти за растеж (обяснено):,Източник на данни,"Ръст на БВП 5-годишен среден (%) - Брутният вътрешен продукт (БВП) е общата парична или пазарна стойност на всички готови стоки и услуги, произведени в границите на дадена държава за определен период от време. Изчислено като среден растеж за последните пет години.","Коефициент на безработица - Коефициентът на безработица измерва дела на работниците в работната сила, които в момента нямат работа, но активно търсят работа. Изчислено като процент безработни на възраст между 15 и 65 години.",Ръст на заетостта - Изчислява се като Ръст на заетостта в сравнение с предходната година за работници на възраст между 15 и 65 години.,"Ръст на износа - износът е стоки и услуги, които се произвеждат в една държава и се продават на купувачи в друга. Изчислено като ръст на износа спрямо предходната година.",Кредитен рейтинг (S&P) - Кредитният рейтинг е независима оценка на кредитоспособността на държава или суверенен субект. Standard & Poor's (S&P) е базирана в САЩ компания за финансови услуги.,ПЧИ (преки чуждестранни инвестиции) - е инвестиция под формата на контролираща собственост в бизнес в една държава от субект със седалище в друга държава. Изчислено като процент от БВП.,,,,,,,,,
11,Croatian,Hrvatski,Indikator,Obrazloženje,Rang,Cilj,Matrica za mjerenje gospodarskog napretka,Nadzorna ploča države,Ključni pokazatelji gospodarskog rasta,Omogućuju rast,"Napomena: Ukupno postoji 19 zemalja među vršnjacima koje se koriste kao sidro za procjenu napretka zemlje. Podijeljeni su u dvije podskupine. Prva skupina, takozvani ""ambiciozni vršnjaci"", su ""Nove države članice EU"": Bugarska, Hrvatska, Cipar, Češka, Estonija, Mađarska, Latvija, Litva, Malta, Poljska, Rumunjska, Slovenija i Slovačka. Druga skupina zemalja su takozvani ""Strukturni vršnjaci"", tj. Zemlje zapadnog Balkana koje se sastoje od Albanije, Bosne i Hercegovine, Kosova, Crne Gore i Srbije. Ako nedostaju podaci za neku zemlju ili određeni pokazatelj, tada se rang prikazuje koristeći skupinu zemalja za koje su dostupni podaci (tj. Manje od 19 zemalja).",Makedonije i zemalja zapadnog Balkana,Makedonija i nove europske zemlje,Ciljevi ključnih pokazatelja,Ciljevi omogućitelja rasta,"Za ove pokazatelje prikazani su izračuni za prethodnu godinu, jer vrijednost odabrane godine još nije objavljena.",Ključni pokazatelji gospodarskog rasta (objašnjeno):,Omogućavači rasta (objašnjeno):,Izvor podataka,Rast BDP-a petogodišnji prosjek (%) - Bruto domaći proizvod (BDP) ukupna je novčana ili tržišna vrijednost svih gotovih proizvoda i usluga proizvedenih unutar granica zemlje u određenom vremenskom razdoblju. Izračunato kao prosječni rast u posljednjih pet godina.,"Stopa nezaposlenosti - Stopa nezaposlenosti mjeri udio radnika u radnoj snazi ​​koji trenutno nemaju posao, ali aktivno traže posao. Izračunato kao postotak nezaposlenih između 15 i 65 godina.","Rast zaposlenosti - Izračunato kao rast zaposlenosti u odnosu na prethodnu godinu, za radnike u dobi između 15 i 65 godina.","Rast izvoza - izvoz je roba i usluge koje se proizvode u jednoj zemlji, a prodaju kupcima u drugoj. Izračunato kao rast izvoza u odnosu na prethodnu godinu.",Kreditna ocjena (S&P) - Kreditna ocjena je neovisna procjena kreditne sposobnosti države ili državnog subjekta. Standard & Poor's (S&P) američka je tvrtka za financijske usluge.,FDI (izravna strana ulaganja) - je ulaganje u obliku kontrolnog vlasništva u poduzeću u jednoj zemlji od strane subjekta sa sjedištem u drugoj zemlji. Izračunato kao postotak BDP-a.,,,,,,,,,
12,Romanian,Română,Indicator,Explicaţie,Rang,Ţintă,Matrice pentru măsurarea progresului economic,Tabloul de bord al țării,Indicatori cheie ai creșterii economice,Facilitatori de creștere,"Notă: Există în total 19 țări de clasificare peer care sunt utilizate ca ancoră pentru a evalua progresul țării. Acestea sunt împărțite în două subgrupuri. Primul grup, așa-numiții „Aspirational Peers”, sunt „Noile state membre ale UE”: Bulgaria, Croația, Cipru, Republica Cehă, Estonia, Ungaria, Letonia, Lituania, Malta, Polonia, România, Slovenia și Slovacia. Al doilea grup de țări sunt așa-numitele „colegii structurali”, adică țările din Balcanii de Vest formate din Albania, Bosnia și Herțegovina, Kosovo, Muntenegru și Serbia. Dacă lipsesc date pentru o anumită țară sau un indicator specific, atunci rangul este afișat folosind grupul de țări pentru care sunt disponibile date (adică mai puțin de 19 țări).",Macedonia și țările din Balcanii de Vest,Macedonia și noile țări europene,Țintele indicatorilor cheie,Țintele factorilor de creștere,"Pentru acești indicatori, calculele afișate sunt pentru anul precedent, deoarece valoarea anului selectat nu a fost încă publicată.",Indicatori cheie ai creșterii economice (explicați):,Facilitatori de creștere (explicați):,Data source,Creșterea PIB-ului Medie pe 5 ani (%) - Produsul intern brut (PIB) este valoarea monetară sau de piață totală a tuturor bunurilor și serviciilor finite produse în interiorul granițelor unei țări într-o anumită perioadă de timp. Calculat ca creștere medie în ultimii cinci ani.,"Rata șomajului - Rata șomajului măsoară ponderea lucrătorilor din forța de muncă care nu au în prezent un loc de muncă, dar caută în mod activ un loc de muncă. Calculat ca procentaj al șomerilor cu vârsta cuprinsă între 15 și 65 de ani.","Creșterea ocupării forței de muncă - Calculată ca o creștere a ocupării forței de muncă comparativ cu anul precedent, pentru lucrătorii cu vârsta cuprinsă între 15 și 65 de ani.",Creșterea exporturilor - Exporturile sunt bunuri și servicii care sunt produse într-o țară și vândute cumpărătorilor într-o altă țară. Calculat ca creștere a exporturilor comparativ cu anul precedent.,Rating de credit (S&P) - Un rating de credit este o evaluare independentă a bonității unei țări sau a unei entități suverane. Standard & Poor's (S&P) este o companie de servicii financiare din Statele Unite.,ISD (Investiții străine directe) - este o investiție sub forma unei proprietăți de control într-o afacere dintr-o țară de către o entitate cu sediul într-o altă țară. Calculat ca procent din PIB.,,,,,,,,,
13,Slovak,Slovenčina,Ukazovateľ,Vysvetlenie,Poradie,Cieľ,Matica na meranie ekonomického pokroku,Dashboard pre krajinu,Kľúčové ukazovatele hospodárskeho rastu,Umožňovače rastu,"Poznámka: Existuje celkovo 19 partnerských krajín, ktoré sa používajú ako kotva na hodnotenie pokroku krajiny. Sú rozdelené do dvoch podskupín. Prvou skupinou, tzv. „Aspirational Peers“, sú „nové členské štáty EÚ“: Bulharsko, Chorvátsko, Cyprus, Česká republika, Estónsko, Maďarsko, Lotyšsko, Litva, Malta, Poľsko, Rumunsko, Slovinsko a Slovensko. Druhou skupinou krajín sú takzvaní „štrukturálni partneri“, t. J. Krajiny západného Balkánu zložené z Albánska, Bosny a Hercegoviny, Kosova, Čiernej Hory a Srbska. Ak chýbajú údaje o niektorej krajine alebo konkrétnom ukazovateli, potom sa poradie zobrazuje pomocou skupiny krajín, za ktoré sú údaje k dispozícii (t. J. Menej ako 19 krajín).",Macedónsko a krajiny západného Balkánu,Macedónsko a nové európske krajiny,Ciele kľúčových ukazovateľov,Ciele rastových faktorov,"Pre tieto ukazovatele sú uvedené výpočty za predchádzajúci rok, pretože hodnota za zvolený rok ešte nebola zverejnená.",Kľúčové ukazovatele hospodárskeho rastu (vysvetlené):,Umožňovače rastu (vysvetlené):,Dátový zdroj,Rast HDP Priemer za 5 rokov (%) - Hrubý domáci produkt (HDP) je celková peňažná alebo trhová hodnota všetkých hotových výrobkov a služieb vyrobených na území krajiny v konkrétnom časovom období. Vypočítané ako priemerný rast za posledných päť rokov.,"Miera nezamestnanosti - Miera nezamestnanosti meria podiel pracovníkov na pracovnej sile, ktorí v súčasnosti nemajú prácu, ale aktívne si hľadajú prácu. Vypočítané ako percento nezamestnaných ľudí vo veku od 15 do 65 rokov.",Rast zamestnanosti - Vypočítaný ako rast zamestnanosti v porovnaní s predchádzajúcim rokom pre pracovníkov vo veku od 15 do 65 rokov.,"Rast vývozu - Vývoz je tovar a služby, ktoré sa vyrábajú v jednej krajine a predávajú sa kupujúcim v inej krajine. Vypočítané ako rast vývozu v porovnaní s predchádzajúcim rokom.",Rating (S&P) - Rating je nezávislé hodnotenie bonity krajiny alebo zvrchovaného subjektu. Standard & Poor's (S&P) je spoločnosť poskytujúca finančné služby so sídlom v Spojených štátoch.,PZI (priame zahraničné investície) - je investícia vo forme kontrolného vlastníctva v podniku v jednej krajine subjektom so sídlom v inej krajine. Vypočítané ako percento HDP.,,,,,,,,,
14,Czech,Čeština,Indikátor,Vysvětlení,Hodnost,cílová,Matice pro měření ekonomického pokroku,Řídicí panel země,Klíčové ukazatele hospodářského růstu,Umožňující růst,"Poznámka: Existuje celkem 19 partnerských zemí, které slouží jako kotva k hodnocení pokroku dané země. Jsou rozděleni do dvou podskupin. První skupinou, tzv. „Aspirational Peers“, jsou „nové členské státy EU“: Bulharsko, Chorvatsko, Kypr, Česká republika, Estonsko, Maďarsko, Lotyšsko, Litva, Malta, Polsko, Rumunsko, Slovinsko a Slovensko. Druhou skupinou zemí jsou takzvaní „strukturální partneři“, tj. Země západního Balkánu složené z Albánie, Bosny a Hercegoviny, Kosova, Černé Hory a Srbska. Pokud pro některou zemi chybí údaje nebo konkrétní ukazatel, zobrazí se pořadí pomocí skupiny zemí, pro které jsou údaje k dispozici (tj. Méně než 19 zemí).",Makedonie a země západního Balkánu,Makedonie a nové evropské země,Cíle klíčových ukazatelů,Cíle aktivátorů růstu,"U těchto ukazatelů jsou zobrazené výpočty pro předchozí rok, protože hodnota vybraného roku ještě nebyla zveřejněna.",Klíčové ukazatele hospodářského růstu (vysvětleno):,Umožňující růst (vysvětleno):,Zdroj dat,Růst HDP Průměr za 5 let (%) - Hrubý domácí produkt (HDP) je celková peněžní nebo tržní hodnota všech hotových výrobků a služeb vyrobených na území dané země v určitém časovém období. Vypočítáno jako průměrný růst za posledních pět let.,"Míra nezaměstnanosti - Míra nezaměstnanosti měří podíl pracovníků na pracovní síle, kteří v současné době nemají práci, ale aktivně hledají práci. Vypočítáno jako procento nezaměstnaných ve věku od 15 do 65 let.",Růst zaměstnanosti - vypočteno jako růst zaměstnanosti ve srovnání s předchozím rokem u pracovníků ve věku od 15 do 65 let.,"Růst vývozu - Vývoz je zboží a služby, které se vyrábějí v jedné zemi a prodávají kupujícím v jiné zemi. Vypočteno jako růst vývozu ve srovnání s předchozím rokem.",Úvěrový rating (S&P) - Úvěrový rating je nezávislé posouzení úvěruschopnosti země nebo svrchovaného subjektu. Standard & Poor's (S&P) je společnost poskytující finanční služby se sídlem v USA.,FDI (Foreign Direct Investments) - je investice ve formě kontrolního vlastnictví v podniku v jedné zemi účetní jednotkou se sídlem v jiné zemi. Vypočteno jako procento HDP.,,,,,,,,,
15,Polish,Polszczyzna,Wskaźnik,Wyjaśnienie,Ranga,Cel,Macierz do pomiaru postępu gospodarczego,Pulpit nawigacyjny kraju,Kluczowe wskaźniki wzrostu gospodarczego,Aktywatory wzrostu,"Uwaga: w sumie istnieje 19 krajów rankingu porównawczego, które są wykorzystywane jako punkt zaczepienia do oceny postępów w danym kraju. Dzielą się na dwie podgrupy. Pierwsza grupa, tzw. „Aspirational Peers”, to „nowe państwa członkowskie UE”: Bułgaria, Chorwacja, Cypr, Czechy, Estonia, Węgry, Łotwa, Litwa, Malta, Polska, Rumunia, Słowenia i Słowacja. Druga grupa krajów to tzw. „Structural Peers”, czyli kraje Bałkanów Zachodnich, w skład których wchodzą Albania, Bośnia i Hercegowina, Kosowo, Czarnogóra i Serbia. Jeśli brakuje danych dla jakiegoś kraju lub określonego wskaźnika, wówczas ranking jest przedstawiany przy użyciu grupy krajów, dla których dane są dostępne (tj. Mniej niż 19 krajów).",Macedonia i kraje Bałkanów Zachodnich,Macedonia i nowe kraje europejskie,Cele kluczowych wskaźników,Cele czynników umożliwiających wzrost,"W przypadku tych wskaźników przedstawione obliczenia dotyczą poprzedniego roku, ponieważ wartość z wybranego roku nie została jeszcze opublikowana.",Kluczowe wskaźniki wzrostu gospodarczego (wyjaśniono):,Czynniki umożliwiające wzrost (wyjaśniono):,Źródło danych,Wzrost PKB 5-letnia średnia (%) - Produkt krajowy brutto (PKB) to całkowita wartość pieniężna lub rynkowa wszystkich gotowych dóbr i usług wyprodukowanych w granicach kraju w określonym okresie. Obliczony jako średni wzrost z ostatnich pięciu lat.,"Stopa bezrobocia - Stopa bezrobocia mierzy odsetek pracowników zatrudnionych na rynku pracy, którzy obecnie nie mają pracy, ale aktywnie ją poszukują. Obliczony jako odsetek bezrobotnych w wieku od 15 do 65 lat.",Wzrost zatrudnienia - obliczany jako wzrost zatrudnienia w porównaniu z poprzednim rokiem dla pracowników w wieku od 15 do 65 lat.,Wzrost eksportu - Eksport to towary i usługi produkowane w jednym kraju i sprzedawane kupującym w innym. Obliczony jako wzrost eksportu w porównaniu z rokiem poprzednim.,Rating kredytowy (S&P) - Rating kredytowy to niezależna ocena zdolności kredytowej państwa lub suwerennego podmiotu. Standard & Poor's (S&P) to firma świadcząca usługi finansowe z siedzibą w Stanach Zjednoczonych.,BIZ (ang. Foreign Direct Investments) - to inwestycja w formie pakietu kontrolnego w przedsiębiorstwie w jednym kraju przez podmiot mający siedzibę w innym kraju. Obliczany jako procent PKB.,,,,,,,,,
16,Italian,Italiano,Indicatore,Spiegazione,Rango,Bersaglio,Matrice per misurare il progresso economico,Dashboard del paese,Indicatori chiave della crescita economica,Promotori della crescita,"Nota: ci sono in totale 19 paesi con classificazione tra pari che vengono utilizzati come punto di riferimento per valutare i progressi del paese. Sono divisi in due sottogruppi. Il primo gruppo, i cosiddetti ""Aspirational Peers"", sono i ""Nuovi Stati membri dell'UE"": Bulgaria, Croazia, Cipro, Repubblica Ceca, Estonia, Ungheria, Lettonia, Lituania, Malta, Polonia, Romania, Slovenia e Slovacchia. Il secondo gruppo di paesi sono i cosiddetti ""Structural Peers"", ovvero i paesi dei Balcani occidentali composti da Albania, Bosnia ed Erzegovina, Kosovo, Montenegro e Serbia. Se mancano dati per un paese o un indicatore specifico, la classificazione viene mostrata utilizzando il gruppo di paesi per cui sono disponibili i dati (ovvero meno di 19 paesi).",Macedonia e paesi dei Balcani occidentali,Macedonia e nuovi paesi europei,Obiettivi degli indicatori chiave,Obiettivi dei fattori di crescita,"Per questi indicatori, i calcoli riportati si riferiscono all'anno precedente, poiché il valore dell'anno selezionato non è stato ancora pubblicato.",Indicatori chiave della crescita economica (spiegati):,Fattori di crescita (spiegati):,Fonte di dati,Crescita del PIL Media su 5 anni (%) - Il prodotto interno lordo (PIL) è il valore monetario o di mercato totale di tutti i beni e servizi finiti prodotti entro i confini di un paese in un periodo di tempo specifico. Calcolato come crescita media degli ultimi cinque anni.,Tasso di disoccupazione - Il tasso di disoccupazione misura la quota di lavoratori nella forza lavoro che attualmente non hanno un lavoro ma sono attivamente alla ricerca di lavoro. Calcolato come percentuale di disoccupati di età compresa tra i 15 ei 65 anni.,"Crescita dell'occupazione - Calcolata come Crescita dell'occupazione rispetto all'anno precedente, per i lavoratori di età compresa tra 15 e 65 anni.",Crescita delle esportazioni - Le esportazioni sono beni e servizi prodotti in un paese e venduti ad acquirenti in un altro. Calcolato come crescita delle esportazioni rispetto all'anno precedente.,Rating del credito (S&P) - Un rating del credito è una valutazione indipendente del merito di credito di un paese o di un'entità sovrana. Standard & Poor's (S&P) è una società di servizi finanziari con sede negli Stati Uniti.,FDI (Foreign Direct Investments) - è un investimento sotto forma di proprietà di controllo in un'azienda in un paese da parte di un'entità con sede in un altro paese. Calcolato come percentuale del PIL.,,,,,,,,,
17,Dutch,Nederlands,Indicator,Uitleg,Rang,Doelwit,Matrix voor het meten van economische vooruitgang,Landendashboard,Sleutelindicatoren van economische groei,Groei mogelijk maken,"Opmerking: er zijn in totaal 19 landen met een vergelijkbare rangorde die worden gebruikt als anker om de voortgang van het land te beoordelen. Ze zijn onderverdeeld in twee subgroepen. De eerste groep, de zogenaamde ""Aspirational Peers"", zijn de ""Nieuwe EU-lidstaten"": Bulgarije, Kroatië, Cyprus, Tsjechië, Estland, Hongarije, Letland, Litouwen, Malta, Polen, Roemenië, Slovenië en Slowakije. De tweede groep landen zijn de zogenaamde ""structurele peers"", d.w.z. de westelijke Balkanlanden die bestaan ​​uit Albanië, Bosnië en Herzegovina, Kosovo, Montenegro en Servië. Als er gegevens ontbreken voor een bepaald land of een specifieke indicator, wordt de rangschikking weergegeven met behulp van de groep landen waarvoor gegevens beschikbaar zijn (d.w.z. minder dan 19 landen).",Macedonië en landen van de Westelijke Balkan,Macedonië en de nieuwe Europese landen,Doelstellingen van kernindicatoren,Doelstellingen van de groeimogelaars,"Voor deze indicatoren zijn de weergegeven berekeningen voor het voorgaande jaar, aangezien de waarde van het geselecteerde jaar nog niet is gepubliceerd.",Kernindicatoren van economische groei (uitgelegd):,Groei enablers (uitgelegd):,Databron,BBP-groei 5 Jaargemiddelde (%) - Bruto binnenlands product (BBP) is de totale monetaire of marktwaarde van alle afgewerkte goederen en diensten die binnen de grenzen van een land in een specifieke periode worden geproduceerd. Berekend als gemiddelde groei over de afgelopen vijf jaar.,Werkloosheidspercentage - Het werkloosheidspercentage meet het aandeel van werknemers in de beroepsbevolking die momenteel geen baan hebben maar actief op zoek zijn naar werk. Berekend als percentage werklozen tussen de 15 en 65 jaar.,"Werkgelegenheidsgroei - Berekend als werkgelegenheidsgroei in vergelijking met vorig jaar, voor werknemers tussen de 15 en 65 jaar oud.",Groei van de export - Export zijn goederen en diensten die in het ene land worden geproduceerd en aan kopers in een ander land worden verkocht. Berekend als exportgroei ten opzichte van vorig jaar.,Kredietbeoordeling (S&P) - Een kredietbeoordeling is een onafhankelijke beoordeling van de kredietwaardigheid van een land of soevereine entiteit. Standard & Poor's (S&P) is een in de Verenigde Staten gevestigde financiële dienstverlener.,FDI (Foreign Direct Investments) - is een investering in de vorm van een zeggenschapsbelang in een bedrijf in het ene land door een entiteit die in een ander land is gevestigd. Berekend als percentage van het bbp.,,,,,,,,,
18,French,Français,Indicateur,Explication,Rang,Cible,Matrice de mesure du progrès économique,Tableau de bord du pays,Indicateurs clés de la croissance économique,Facteurs de croissance,"Remarque: il existe au total 19 pays classés par les pairs qui sont utilisés comme point d'ancrage pour évaluer les progrès du pays. Ils sont divisés en deux sous-groupes. Le premier groupe, les «pairs aspirants», est constitué des «nouveaux États membres de l'UE»: Bulgarie, Croatie, Chypre, République tchèque, Estonie, Hongrie, Lettonie, Lituanie, Malte, Pologne, Roumanie, Slovénie et Slovaquie. Le deuxième groupe de pays est ce que l'on appelle les «pairs structurels», c'est-à-dire les pays des Balkans occidentaux comprenant l'Albanie, la Bosnie-Herzégovine, le Kosovo, le Monténégro et la Serbie. S'il manque des données pour un pays ou un indicateur spécifique, le classement est indiqué en utilisant le groupe de pays pour lesquels des données sont disponibles (c'est-à-dire moins de 19 pays).",Macédoine et pays des Balkans occidentaux,Macédoine et nouveaux pays européens,Cibles des indicateurs clés,Cibles des catalyseurs de croissance,"Pour ces indicateurs, les calculs indiqués concernent l'année précédente, la valeur de l'année sélectionnée n'ayant pas encore été publiée.",Indicateurs clés de la croissance économique (expliqués):,Facteurs de croissance (expliqués):,Data source,Croissance du PIB Moyenne sur 5 ans (%) - Le produit intérieur brut (PIB) est la valeur monétaire ou marchande totale de tous les produits finis et services produits à l'intérieur des frontières d'un pays au cours d'une période donnée. Calculé en tant que croissance moyenne des cinq dernières années.,Taux de chômage - Le taux de chômage mesure la proportion de travailleurs dans la population active qui n'ont pas actuellement d'emploi mais qui recherchent activement du travail. Calculé en pourcentage de chômeurs âgés de 15 à 65 ans.,"Croissance de l'emploi - Calculée comme Croissance de l'emploi par rapport à l'année précédente, pour les travailleurs âgés de 15 à 65 ans.",Croissance des exportations - Les exportations sont des biens et services qui sont produits dans un pays et vendus à des acheteurs dans un autre. Calculé en tant que croissance des exportations par rapport à l'année précédente.,Notation de crédit (S&P) - Une notation de crédit est une évaluation indépendante de la solvabilité d'un pays ou d'une entité souveraine. Standard & Poor's (S&P) est une société de services financiers basée aux États-Unis.,IDE (investissements directs étrangers) - est un investissement sous la forme d'une participation majoritaire dans une entreprise dans un pays par une entité basée dans un autre pays. Calculé en pourcentage du PIB.,,,,,,,,,
19,Danish,Dansk,Indikator,Forklaring,Rang,Mål,Matrix til måling af økonomiske fremskridt,Land Dashboard,Nøgleindikatorer for økonomisk vækst,Vækstaktivatorer,"Bemærk: Der er i alt 19 peer-ranking lande, der bruges som et anker til at vurdere landets fremskridt. De er opdelt i to undergrupper. Den første gruppe, de såkaldte ""Aspirational Peers"", er de ""nye EU-medlemsstater"": Bulgarien, Kroatien, Cypern, Tjekkiet, Estland, Ungarn, Letland, Litauen, Malta, Polen, Rumænien, Slovenien og Slovakiet. Den anden gruppe lande er de såkaldte ""strukturelle jævnaldrende"", dvs. de vestlige Balkanlande bestående af Albanien, Bosnien-Hercegovina, Kosovo, Montenegro og Serbien. Hvis der mangler data for et land eller en bestemt indikator, vises rangeringen ved hjælp af gruppen af ​​lande, hvor data er tilgængelige (dvs. mindre end 19 lande).",Makedonien og de vestlige Balkanlande,Makedonien og de nye europæiske lande,Mål for nøgleindikatorer,Mål for vækstfremmende stoffer,"For disse indikatorer er de viste beregninger for det foregående år, da det valgte års værdi endnu ikke er offentliggjort.",Nøgleindikatorer for økonomisk vækst (forklaret):,Vækstaktivatorer (forklaret):,Datakilde,"BNP-vækst 5 års gennemsnit (%) - Bruttonationalprodukt (BNP) er den samlede monetære værdi eller markedsværdien af ​​alle de færdige varer og tjenester, der produceres inden for et lands grænser i en bestemt tidsperiode. Beregnet som gennemsnitlig vækst for de sidste fem år.","Arbejdsløshedsprocent - Arbejdsløshedsprocenten måler andelen af ​​arbejdstagere i arbejdsstyrken, der ikke i øjeblikket har et job, men aktivt søger arbejde. Beregnet som procentdel af arbejdsløse mellem 15 og 65 år.","Beskæftigelsesvækst - Beregnet som vækst i beskæftigelsen i forhold til året før, for arbejdstagere mellem 15 og 65 år.","Eksportvækst - Eksport er varer og tjenester, der produceres i et land og sælges til købere i et andet. Beregnet som eksportvækst i forhold til året før.",Kreditvurdering (S&P) - En kreditvurdering er en uafhængig vurdering af et lands eller en suveræn enheds kreditværdighed. Standard & Poor's (S&P) er et amerikansk-baseret finansielle serviceselskab.,FDI (udenlandske direkte investeringer) - er en investering i form af et kontrollerende ejerskab i en virksomhed i et land af en enhed med base i et andet land. Beregnet som en procentdel af BNP.,,,,,,,,,
20,Swedish,Svenska,Indikator,Förklaring,Rang,Mål,Matris för mätning av ekonomiska framsteg,Country Dashboard,Nyckeltal för ekonomisk tillväxt,Tillväxt möjliggör,"Anmärkning: Det finns totalt 19 jämförbara länder som används som ankare för att bedöma landets framsteg. De är uppdelade i två undergrupper. Den första gruppen, de så kallade ""Aspirational Peers"", är de ""nya EU-medlemsstaterna"": Bulgarien, Kroatien, Cypern, Tjeckien, Estland, Ungern, Lettland, Litauen, Malta, Polen, Rumänien, Slovenien och Slovakien. Den andra gruppen länder är de så kallade ""Structural Peers"", dvs. västra Balkan-länderna består av Albanien, Bosnien och Hercegovina, Kosovo, Montenegro och Serbien. Om data saknas för något land eller en specifik indikator, visas rangordningen med den grupp av länder för vilka data finns tillgängliga (dvs. färre än 19 länder).",Makedonien och länderna på västra Balkan,Makedonien och de nya europeiska länderna,Mål för nyckelindikatorer,Mål för tillväxtfaktorer,"För dessa indikatorer är beräkningarna som visas för föregående år, eftersom det valda årets värde ännu inte har publicerats.",Nyckeltal för ekonomisk tillväxt (förklaras):,Tillväxtfaktorer (förklarade):,Datakälla,BNP-tillväxt 5 års genomsnitt (%) - Bruttonationalprodukten (BNP) är det totala monetära eller marknadsvärdet av alla färdiga varor och tjänster som produceras inom ett lands gränser under en viss tidsperiod. Beräknat som genomsnittlig tillväxt de senaste fem åren.,Arbetslöshet - Arbetslösheten mäter andelen arbetstagare i arbetskraften som för närvarande inte har jobb men aktivt söker arbete. Beräknat som procentandel av arbetslösa mellan 15 och 65 år.,"Sysselsättningstillväxt - Beräknat som sysselsättningstillväxt jämfört med föregående år, för arbetstagare mellan 15 och 65 år.",Exporttillväxt - Export är varor och tjänster som produceras i ett land och säljs till köpare i ett annat. Beräknat som exporttillväxt jämfört med föregående år.,Kreditvärdering (S&P) - Ett kreditbetyg är en oberoende bedömning av kreditvärdigheten för ett land eller en suverän enhet. Standard & Poor's (S&P) är ett amerikanskt företag med finansiella tjänster.,FDI (Foreign Direct Investments) - är en investering i form av ett bestämmande ägande i ett företag i ett land av en enhet baserad i ett annat land. Beräknat i procent av BNP.,,,,,,,,,
21,Norwegian,Norsk,Indikator,Forklaring,Rang,Mål,Matrise for måling av økonomisk fremgang,Country Dashboard,Nøkkelindikatorer for økonomisk vekst,Vekstaktivatorer,"Merk: Det er totalt 19 fagfellesskap som brukes som et anker for å vurdere landets fremgang. De er delt inn i to undergrupper. Den første gruppen, de såkalte ""Aspirational Peers"", er de ""Nye EU-medlemslandene"": Bulgaria, Kroatia, Kypros, Tsjekkia, Estland, Ungarn, Latvia, Litauen, Malta, Polen, Romania, Slovenia og Slovakia. Den andre gruppen av land er de såkalte ""Structural Peers"", dvs. de vestlige Balkan-landene består av Albania, Bosnia-Hercegovina, Kosovo, Montenegro og Serbia. Hvis det mangler data for et land eller en bestemt indikator, vises rangeringen ved hjelp av gruppen av land som data er tilgjengelig for (dvs. mindre enn 19 land).",Makedonia og Vest-Balkan-landene,Makedonia og de nye europeiske landene,Mål for nøkkelindikatorer,Mål for vekstaktiveringene,"For disse indikatorene er beregningene som er vist for året før, siden det valgte års verdien ennå ikke er publisert.",Nøkkelindikatorer for økonomisk vekst (forklart):,Vekstaktivatorer (forklart):,Datakilde,BNP-vekst 5 års gjennomsnitt (%) - Bruttonasjonalprodukt (BNP) er den totale penge- eller markedsverdien av alle ferdige varer og tjenester produsert innenfor landets grenser i en bestemt tidsperiode. Beregnet som gjennomsnittlig vekst de siste fem årene.,"Arbeidsledighetsfrekvens - Arbeidsledighetsgraden måler andelen arbeidstakere i arbeidsstyrken som for tiden ikke har jobb, men aktivt søker arbeid. Beregnet som prosentandel av arbeidsledige mellom 15 og 65 år.","Sysselsettingsvekst - Beregnet som sysselsettingsvekst sammenlignet med året før, for arbeidstakere mellom 15 og 65 år.",Eksportvekst - Eksport er varer og tjenester som produseres i ett land og selges til kjøpere i et annet. Beregnet som eksportvekst sammenlignet med året før.,Kredittvurdering (S&P) - En kredittvurdering er en uavhengig vurdering av kredittverdigheten til et land eller en suveren enhet. Standard & Poor's (S&P) er et amerikansk selskap med finansielle tjenester.,FDI (Foreign Direct Investments) - er en investering i form av et kontrollerende eierskap i en virksomhet i ett land av en enhet basert i et annet land. Beregnet i prosent av BNP.,,,,,,,,,
22,Latvian,Latviešu,Rādītājs,Paskaidrojums,Rangs,Mērķis,Matrica ekonomikas progresa mērīšanai,Valsts informācijas panelis,Ekonomikas izaugsmes galvenie rādītāji,Izaugsmes veicinātāji,"Piezīme. Kopumā ir 19 salīdzinošās reitinga valstis, kuras tiek izmantotas kā enkurs, lai novērtētu valsts progresu. Viņi ir sadalīti divās apakšgrupās. Pirmā grupa, tā sauktie ""Aspirācijas vienaudži"", ir ""Jaunās ES dalībvalstis"": Bulgārija, Horvātija, Kipra, Čehija, Igaunija, Ungārija, Latvija, Lietuva, Malta, Polija, Rumānija, Slovēnija un Slovākija. Otrā valstu grupa ir tā sauktie ""strukturālie vienaudži"", t.i., Rietumbalkānu valstis, kuras sastāv no Albānijas, Bosnijas un Hercegovinas, Kosovas, Melnkalnes un Serbijas. Ja trūkst datu par kādu valsti vai konkrētu rādītāju, rangs tiek parādīts, izmantojot to valstu grupu, par kurām ir pieejami dati (t.i., mazāk nekā 19 valstis).",Macedonibus et Western regiones Haemus,Macedonibus et Nova Europae regiones,Key scuta de Indicatores,Augmentum peltas Enablers,"Quia haec Indicatores, lunaeque ratione ostensum est quia prior annos, anno post electus nondum est scriptor valorem ihas editis.",Key Indicatores incrementum oeconomicum (explicavit),Incrementum enablers (explicavit),Data fons,Domestici grossi incrementum V Mediocris anno (%) - Crassa domesticis productum (GDP) sit summa omnium pecunia et foro valorem productum rite celebrata bona et servicia specifica intra patriae fines et eodem tempore Cn. Calculus initus est quam mediocris incrementum in novissimo quinque anni.,Otium rate - mensuras superiores otium rate in partem venere operarios in tributum currently non habent officium et opus sunt active vultus. Computatur inter populum ut recipis de opere destitutorum manet in aetate LXV annorum et XV.,Laboris incrementum - crescit laboris comparari computus ut prior annus enim inter opifices et aetate LXV annorum XV.,Incrementum exportantur - exportationes sunt bona et servicia producta est in regionem et venundati buyers aliud. Calculus initus est export comparari incrementum priore anno habuisset.,"Fidem rating (S & P) - A fidem rating est sui iuris vel iudicis taxationem creditworthiness regionem suam de summa rei. Latin & pauper est (S & P) secundum, est a United States societatis financial servicia.",FDI (Direct Investments Externorum) - est moderantum investment forma in dominium in res ab entitate fundatur in una regione in aliam regionem. Calculus initus est probabilitas ex cento GDP.,,,,,,,,,
23,Lithuanian,Lietuvių,Rodiklis,Paaiškinimas,Reitingas,Taikinys,Ekonomikos pažangos matavimo matrica,Šalies informacijos suvestinė,Pagrindiniai ekonomikos augimo rodikliai,Augimo veiksniai,"Pastaba: Iš viso yra 19 tarpusavio reitingo šalių, kurios naudojamos kaip inkaras vertinant šalies pažangą. Jie yra suskirstyti į du pogrupius. Pirmoji grupė, vadinamieji „Aspiraciniai bendraamžiai“, yra „Naujosios ES valstybės narės“: Bulgarija, Kroatija, Kipras, Čekijos Respublika, Estija, Vengrija, Latvija, Lietuva, Malta, Lenkija, Rumunija, Slovėnija ir Slovakija. Antroji šalių grupė yra vadinamieji „struktūriniai bendraamžiai“, t. Y. Vakarų Balkanų šalys, sudarytos iš Albanijos, Bosnijos ir Hercegovinos, Kosovo, Juodkalnijos ir Serbijos. Jei trūksta duomenų apie kurią nors šalį ar konkretų rodiklį, reitingas rodomas naudojant šalių, kurių duomenys yra prieinami, grupę (t. Y. Mažiau nei 19 šalių).",Makedonija ir Vakarų Balkanų šalys,Makedonija ir Naujosios Europos šalys,Pagrindinių rodiklių tikslai,Augimo veiksnių tikslai,"Šių rodiklių skaičiavimai atlikti už praėjusius metus, nes pasirinktų metų vertė dar nėra paskelbta.",Pagrindiniai ekonomikos augimo rodikliai (paaiškinta):,Augimo veiksniai (paaiškinta):,Duomenų šaltinis,BVP augimas 5 metų vidurkis (%) - Bendrasis vidaus produktas (BVP) yra visų šalies viduje pagamintų gatavų prekių ir paslaugų bendra piniginė arba rinkos vertė per tam tikrą laikotarpį. Skaičiuojama kaip vidutinis pastarųjų penkerių metų augimas.,"Nedarbo lygis - nedarbo lygis rodo darbuotojų, kurie šiuo metu neturi darbo, bet aktyviai ieško darbo, dalį darbo jėgoje. Skaičiuojama procentais nuo 15 iki 65 metų amžiaus bedarbių.","Užimtumo augimas - skaičiuojamas kaip užimtumo augimas, palyginti su praėjusiais metais, darbuotojams nuo 15 iki 65 metų.","Eksporto augimas - eksportas yra prekės ir paslaugos, kurios gaminamos vienoje šalyje ir parduodamos pirkėjams kitoje. Skaičiuojama kaip eksporto augimas, palyginti su praėjusiais metais.",Kredito reitingas (S&P) - kredito reitingas yra nepriklausomas šalies ar suvereniojo subjekto kreditingumo vertinimas. „Standard & Poor's“ (S&P) yra Jungtinėse Amerikos Valstijose įsikūrusi finansinių paslaugų įmonė.,"TUI (tiesioginės užsienio investicijos) - tai investicija kontroliuojančios nuosavybės teise į verslą vienoje šalyje, kurią atlieka kitoje šalyje įsikūręs subjektas. Skaičiuojama kaip BVP procentinė dalis.",,,,,,,,,
24,Estonian,Eesti,Näitaja,Selgitus,Koht,Sihtmärk,Majandusprogressi mõõtmise maatriks,Riigi juhtpaneel,Majanduskasvu põhinäitajad,Kasvu võimaldajad,"Märkus: kokku on 19 vastastikuse reitingu riiki, mida kasutatakse riigi edusammude hindamiseks ankruna. Need on jagatud kahte alarühma. Esimesed rühmad, nn ""püüdluskaaslased"", on ""uued ELi liikmesriigid"": Bulgaaria, Horvaatia, Küpros, Tšehhi Vabariik, Eesti, Ungari, Läti, Leedu, Malta, Poola, Rumeenia, Sloveenia ja Slovakkia. Teise riikide rühma moodustavad nn struktuuripartnerid, st Lääne-Balkani riigid, kuhu kuuluvad Albaania, Bosnia ja Hertsegoviina, Kosovo, Montenegro ja Serbia. Kui mõne riigi või konkreetse näitaja kohta puuduvad andmed, kuvatakse paremusjärjestus riikide grupi järgi, mille kohta andmed on saadaval (st vähem kui 19 riiki).",Makedoonia ja Lääne-Balkani riigid,Makedoonia ja Uus-Euroopa riigid,Põhinäitajate eesmärgid,Majanduskasvu võimaldajate eesmärgid,"Nende näitajate puhul on esitatud arvutused eelmise aasta kohta, kuna valitud aasta väärtust pole veel avaldatud.",Majanduskasvu põhinäitajad (selgitatud):,Kasvu võimaldajad (selgitatud):,Andmeallikas,SKP kasv 5 Aasta keskmine (%) - Sisemajanduse koguprodukt (SKP) on kogu riigi piires kindlas ajavahemikus toodetud valmistoodete ja -teenuste rahaline või turuväärtus kokku. Arvutatud viimase viie aasta keskmise kasvuna.,"Töötuse määr - töötuse määr mõõdab töötajate osakaalu tööjõus, kellel pole praegu tööd, kuid kes otsivad aktiivselt tööd. Arvutatud protsentidena töötutest vanuses 15–65 aastat.",Tööhõive kasv - arvutatud 15–65-aastaste töötajate tööhõive kasvuna võrreldes eelmise aastaga.,"Ekspordi kasv - eksport on kaubad ja teenused, mida toodetakse ühes riigis ja müüakse ostjatele teises riigis. Arvutatud ekspordi kasvuna võrreldes eelmise aastaga.",Krediidireiting (S&P) - krediidireiting on sõltumatu hinnang riigi või suveräänse üksuse krediidivõimelisusele. Standard & Poor's (S&P) on Ameerika Ühendriikides asuv finantsteenuste ettevõte.,FDI (välismaised otseinvesteeringud) - investeering ühes riigis tegutseva ettevõtte kontrolliva osaluse kujul teises riigis asuva üksuse poolt. Arvutatud protsendina SKPst.,,,,,,,,,
25,Spanish,Español,Indicador,Explicación,Rango,Objetivo,Matriz para medir el progreso económico,Panel de control del país,Indicadores clave de crecimiento económico,Facilitadores de crecimiento,"Nota: Hay un total de 19 países clasificados por pares que se utilizan como base para evaluar el progreso del país. Se dividen en dos subgrupos. El primer grupo, los denominados ""pares aspirantes"", son los ""nuevos Estados miembros de la UE"": Bulgaria, Croacia, Chipre, República Checa, Estonia, Hungría, Letonia, Lituania, Malta, Polonia, Rumanía, Eslovenia y Eslovaquia. El segundo grupo de países son los denominados ""pares estructurales"", es decir, los países de los Balcanes Occidentales compuestos por Albania, Bosnia y Herzegovina, Kosovo, Montenegro y Serbia. Si faltan datos para algún país o un indicador específico, entonces la clasificación se muestra utilizando el grupo de países para los cuales hay datos disponibles (es decir, menos de 19 países).",Macedonia y países de los Balcanes occidentales,Macedonia y los nuevos países europeos,Metas de los indicadores clave,Objetivos de los facilitadores del crecimiento,"Para estos indicadores, los cálculos mostrados son para el año anterior, ya que el valor del año seleccionado i aún no ha sido publicado.",Indicadores clave de crecimiento económico (explicado):,Facilitadores de crecimiento (explicado):,Fuente de datos,Crecimiento del PIB Promedio de 5 años (%): el producto interno bruto (PIB) es el valor monetario o de mercado total de todos los bienes y servicios terminados producidos dentro de las fronteras de un país en un período de tiempo específico. Calculado como crecimiento promedio de los últimos cinco años.,Tasa de desempleo: la tasa de desempleo mide la proporción de trabajadores en la fuerza laboral que actualmente no tienen trabajo pero que están buscando trabajo activamente. Calculado como porcentaje de desempleados entre 15 y 65 años.,"Crecimiento del empleo: calculado como crecimiento del empleo en comparación con el año anterior, para trabajadores de entre 15 y 65 años.",Crecimiento de las exportaciones: las exportaciones son bienes y servicios que se producen en un país y se venden a compradores en otro. Calculado como crecimiento de las exportaciones en comparación con el año anterior.,Calificación crediticia (S&P): una calificación crediticia es una evaluación independiente de la solvencia de un país o entidad soberana. Standard & Poor's (S&P) es una empresa de servicios financieros con sede en Estados Unidos.,IED (Inversiones Extranjeras Directas): es una inversión en forma de propiedad mayoritaria en un negocio en un país por parte de una entidad con sede en otro país. Calculado como porcentaje del PIB.,,,,,,,,,
26,Portugese,Português,Indicador,Explicação,Classificação,Alvo,Matriz para medir o progresso econômico,Painel do País,Principais indicadores de crescimento econômico,Facilitadores de crescimento,"Nota: Há um total de 19 países com classificação por pares que são usados ​​como âncora para avaliar o progresso do país. Eles são divididos em dois subgrupos. O primeiro grupo, os chamados ""Pares Aspirantes"", são os ""Novos Estados-Membros da UE"": Bulgária, Croácia, Chipre, República Checa, Estónia, Hungria, Letónia, Lituânia, Malta, Polónia, Roménia, Eslovénia e Eslováquia. O segundo grupo de países são os chamados ""pares estruturais"", ou seja, os países dos Balcãs Ocidentais compostos pela Albânia, Bósnia e Herzegovina, Kosovo, Montenegro e Sérvia. Se houver falta de dados para algum país ou indicador específico, a classificação é mostrada usando o grupo de países para os quais há dados disponíveis (ou seja, menos de 19 países).",Macedônia e países dos Balcãs Ocidentais,Macedônia e os novos países europeus,Metas de indicadores chave,Metas dos facilitadores de crescimento,"Para estes indicadores, os cálculos apresentados referem-se ao ano anterior, visto que o valor do ano selecionado ainda não foi publicado.",Indicadores principais de crescimento econômico (explicados):,Facilitadores de crescimento (explicado):,Fonte de dados,Crescimento do PIB Média de 5 anos (%) - Produto interno bruto (PIB) é o valor monetário ou de mercado total de todos os bens acabados e serviços produzidos dentro das fronteiras de um país em um período de tempo específico. Calculado como o crescimento médio dos últimos cinco anos.,"Taxa de desemprego - A taxa de desemprego mede a proporção de trabalhadores na força de trabalho que não têm emprego atualmente, mas estão procurando ativamente por trabalho. Calculado como porcentagem de pessoas desempregadas com idade entre 15 e 65 anos.","Crescimento do emprego - Calculado como crescimento do emprego em relação ao ano anterior, para trabalhadores com idade entre 15 e 65 anos.",Crescimento das exportações - As exportações são bens e serviços produzidos em um país e vendidos a compradores em outro. Calculado como o crescimento das exportações em comparação com o ano anterior.,Rating de crédito (S&P) - Um rating de crédito é uma avaliação independente da qualidade de crédito de um país ou entidade soberana. A Standard & Poor's (S&P) é uma empresa de serviços financeiros com sede nos Estados Unidos.,IED (Investimentos Diretos Estrangeiros) - é um investimento na forma de controle acionário de uma empresa em um país por uma entidade com sede em outro país. Calculado como porcentagem do PIB.,,,,,,,,,
27,Irish,Gaeilge,Táscaire,Míniú,Rang,Sprioc,Maitrís chun dul chun cinn eacnamaíoch a thomhas,Painéal na Tíre,Príomhtháscairí Fáis Eacnamaíochta,Cumasóirí Fáis,"Nóta: Úsáidtear 19 tír rangú piaraí san iomlán mar ancaire chun dul chun cinn na tíre a mheas. Tá siad roinnte ina dhá fhoghrúpa. Is iad an chéad ghrúpa, na ""Piaraí Mianacha"" mar a thugtar orthu, ""Ballstáit Nua an AE"": an Bhulgáir, an Chróit, an Chipir, Poblacht na Seice, an Eastóin, an Ungáir, an Laitvia, an Liotuáin, Málta, an Pholainn, an Rómáin, an tSlóivéin agus an tSlóvaic. Is iad na ""Piaraí Struchtúracha"" mar a thugtar orthu an dara grúpa tíortha, i.e. tíortha na mBalcán Thiar atá comhdhéanta den Albáin, den Bhoisnia agus Heirseagaivéin, an Chosaiv, Montainéagró agus an tSeirbia. Má tá sonraí in easnamh maidir le tír éigin nó táscaire sonrach, taispeántar an chéim ag úsáid an ghrúpa tíortha a bhfuil sonraí ar fáil dóibh (i.e. níos lú ná 19 tír).",Tíortha Macadóine agus na mBalcán Thiar,Macadóine agus Tíortha Nua na hEorpa,Spriocanna na bPríomhtháscairí,Spriocanna na gCumasóirí Fáis,"Maidir leis na táscairí seo, rinneadh na ríomhanna don bhliain roimhe sin, ós rud é nár foilsíodh luach na bliana roghnaithe go fóill.",Príomhtháscairí Fáis Eacnamaíochta (mínítear):,Cumasóirí fáis (mínithe):,Foinse sonraí,Fás OTI Meán 5 bliana (%) - Is é olltáirgeacht intíre (OTI) luach airgeadaíochta nó margaidh iomlán na n-earraí agus na seirbhísí críochnaithe go léir a tháirgtear laistigh de theorainneacha tíre i dtréimhse ama ar leith. Ríomh mar mheánfhás le cúig bliana anuas.,Ráta dífhostaíochta - Tomhaiseann an ráta dífhostaíochta sciar na n-oibrithe sa lucht saothair nach bhfuil post acu faoi láthair ach atá ag lorg oibre go gníomhach. Ríomhtar é mar chéatadán de dhaoine dífhostaithe idir 15 agus 65 bliana d’aois.,"Fás fostaíochta - Ríomh mar Fhás i bhfostaíocht i gcomparáid leis an mbliain roimhe sin, d’oibrithe idir 15 agus 65 bliana d’aois.",Fás ar onnmhairí - Is earraí agus seirbhísí iad onnmhairí a tháirgtear i dtír amháin agus a dhíoltar le ceannaitheoirí i dtír eile. Ríomhtar é mar fhás onnmhairiúcháin i gcomparáid leis an mbliain roimhe sin.,Rátála creidmheasa (S&P) - Is éard is rátáil chreidmheasa ann measúnú neamhspleách ar acmhainneacht creidmheasa tíre nó aonáin cheannasaigh. Is cuideachta seirbhísí airgeadais atá lonnaithe sna Stáit Aontaithe é Standard & Poor's (S&P).,FDI (Infheistíochtaí Díreacha Eachtracha) - is infheistíocht í i bhfoirm úinéireachta rialaithe i ngnó i dtír amháin ag eintiteas atá lonnaithe i dtír eile. Ríomhtar é mar chéatadán den OTI.,,,,,,,,,
28,Finnish,Suomi,Indikaattori,Selitys,Sijoitus,Kohde,Matriisi taloudellisen kehityksen mittaamiseksi,Country Dashboard,Taloudellisen kasvun keskeiset indikaattorit,Kasvunedistäjät,"Huomaa: Yhteensä on 19 vertaisarviointimaata, joita käytetään ankkurina maan edistymisen arvioimiseksi. Ne on jaettu kahteen alaryhmään. Ensimmäistä ryhmää, ns. ""Aspirational Peers"", ovat ""uudet EU: n jäsenvaltiot"": Bulgaria, Kroatia, Kypros, Tšekki, Viro, Unkari, Latvia, Liettua, Malta, Puola, Romania, Slovenia ja Slovakia. Toinen maaryhmä on ns. Rakenteelliset vertaisryhmät, ts. Länsi-Balkanin maat, joihin kuuluvat Albania, Bosnia ja Hertsegovina, Kosovo, Montenegro ja Serbia. Jos jostakin maasta tai tietystä indikaattorista puuttuu tietoja, sijoitus näytetään käyttämällä maaryhmää, josta tietoja on saatavilla (eli alle 19 maata).",Makedonia ja Länsi-Balkanin maat,Makedonia ja uudet Euroopan maat,Tärkeimmät indikaattorit,Kasvunedistäjien tavoitteet,"Näille indikaattoreille esitetyt laskelmat ovat edellisvuodelle, koska valitun vuoden arvoa ei ole vielä julkaistu.",Taloudellisen kasvun keskeiset indikaattorit (selitetty):,Kasvunedistäjät (selitetty):,Tietolähde,BKT: n kasvu 5 Vuoden keskiarvo (%) - Bruttokansantuote (BKT) on kaikkien maan rajojen sisällä tietyn ajanjakson aikana tuotettujen lopputuotteiden ja palvelujen kokonaisarvo tai markkina-arvo. Laskettu viimeisen viiden vuoden keskimääräisenä kasvuna.,"Työttömyysaste - Työttömyysaste mittaa niiden työntekijöiden osuutta työvoimasta, joilla ei tällä hetkellä ole työtä, mutta jotka etsivät aktiivisesti työtä. Laskettu prosenttiosuutena 15–65-vuotiaista työttömistä.",Työllisyyden kasvu - laskettu 15–65-vuotiaiden työntekijöiden työllisyyden kasvuna edelliseen vuoteen verrattuna.,"Viennin kasvu - Vienti on tavaroita ja palveluita, joita tuotetaan yhdessä maassa ja myydään ostajille toisessa. Laskettu viennin kasvuna edelliseen vuoteen verrattuna.",Luottoluokitus (S&P) - Luottoluokitus on riippumaton arvio maan tai suvereenin yksikön luottokelpoisuudesta. Standard & Poor's (S&P) on yhdysvaltalainen rahoituspalveluyritys.,"FDI (ulkomaiset suorat sijoitukset) on sijoitus, joka on määräysvaltayhteisön omistusosuus liiketoiminnasta yhdessä maassa, jonka suorittaa toiseen maahan sijoittautunut yksikkö. Laskettu prosentteina BKT: sta.",,,,,,,,,
29,Slovenian,Slovenščina,Kazalnik,Pojasnilo,Uvrstitev,Cilj,Matrica za merjenje gospodarskega napredka,Nadzorna plošča države,Ključni kazalniki gospodarske rasti,Omogočevalci rasti,"Opomba: Skupno je 19 držav z enakovrednimi razvrstitvami, ki se uporabljajo kot sidro za oceno napredka države. Razdeljeni so v dve podskupini. Prva skupina, tako imenovani ""ambiciozni vrstniki"", so ""nove države članice EU"": Bolgarija, Hrvaška, Ciper, Češka, Estonija, Madžarska, Latvija, Litva, Malta, Poljska, Romunija, Slovenija in Slovaška. Druga skupina držav so tako imenovani ""strukturni vrstniki"", tj. Države zahodnega Balkana, ki jih sestavljajo Albanija, Bosna in Hercegovina, Kosovo, Črna gora in Srbija. Če za neko državo manjkajo podatki ali določen kazalnik, se uvrstitev prikaže z uporabo skupine držav, za katere so na voljo podatki (tj. Manj kot 19 držav).",Makedonija in države Zahodnega Balkana,Makedonija in nove evropske države,Cilji ključnih kazalcev,Cilji spodbujevalcev rasti,"Za te kazalnike so prikazani izračuni za preteklo leto, saj vrednost izbranega leta še ni objavljena.",Ključni kazalniki gospodarske rasti (pojasnjeno):,Omogočajo rast (razloženo):,Vir podatkov,"Rast BDP 5-letno povprečje (%) - Bruto domači proizvod (BDP) je skupna denarna ali tržna vrednost vseh končnih izdelkov in storitev, proizvedenih znotraj meja države v določenem časovnem obdobju. Izračunano kot povprečna rast v zadnjih petih letih.","Stopnja brezposelnosti - Stopnja brezposelnosti meri delež delavcev v delovni sili, ki trenutno nimajo službe, a aktivno iščejo delo. Izračunano kot odstotek brezposelnih med 15. in 65. letom starosti.","Rast zaposlenosti - Izračunana kot rast zaposlenosti v primerjavi s prejšnjim letom za delavce, stare med 15 in 65 let.","Rast izvoza - izvoz je blago in storitve, ki se proizvajajo v eni državi in ​​prodajajo kupcem v drugi. Izračunano kot rast izvoza v primerjavi s prejšnjim letom.",Bonitetna ocena (S&P) - Bonitetna ocena je neodvisna ocena kreditne sposobnosti države ali državnega subjekta. Standard & Poor's (S&P) je ameriško podjetje za finančne storitve.,NTI (neposredne tuje naložbe) - je naložba v obliki nadzornega lastništva podjetja v eni državi s strani podjetja s sedežem v drugi državi. Izračunano kot odstotek BDP.,,,,,,,,,
30,Ukrainian,Українська,Показник,Пояснення,Ранг,Цільова,Матриця для вимірювання економічного прогресу,Приладна дошка країни,Ключові показники економічного зростання,Сприяння зростанню,"Примітка: Загалом існує 19 країн з рівноправним рейтингом, які використовуються як опора для оцінки прогресу країни. Вони поділяються на дві підгрупи. Першою групою, так званими ""прагнучими однолітками"", є ""нові держави-члени ЄС"": Болгарія, Хорватія, Кіпр, Чехія, Естонія, Угорщина, Латвія, Литва, Мальта, Польща, Румунія, Словенія та Словаччина. Друга група країн - це так звані ""структурні аналоги"", тобто країни Західних Балкан, до складу яких входять Албанія, Боснія і Герцеговина, Косово, Чорногорія та Сербія. Якщо даних для якоїсь країни або певного показника бракує, то рейтинг відображається за допомогою групи країн, для яких доступні дані (тобто менше 19 країн).",Македонія та країни Західних Балкан,Македонія та нові європейські країни,Завдання ключових показників,"Цілі, що сприяють зростанню","Для цих показників наведені розрахунки стосуються попереднього року, оскільки вартість обраного року ще не опублікована.",Основні показники економічного зростання (пояснено):,Посилювачі росту (пояснення):,Джерело даних,"Зростання ВВП за 5 років у середньому (%) - Валовий внутрішній продукт (ВВП) - це сукупна грошова чи ринкова вартість усіх готових товарів та послуг, вироблених у межах країни за певний проміжок часу. Розраховується як середнє зростання за останні п’ять років.","Рівень безробіття - Рівень безробіття вимірює частку робітників серед робочої сили, які в даний час не мають роботи, але активно шукають роботу. Розраховується як відсоток безробітних у віці від 15 до 65 років.",Зростання зайнятості - розраховується як ріст зайнятості порівняно з попереднім роком для працівників у віці від 15 до 65 років.,"Зростання експорту - експорт - це товари та послуги, які виробляються в одній країні, а продаються покупцям в іншій. Обчислюється як ріст експорту порівняно з попереднім роком.","Кредитний рейтинг (S&P) - Кредитний рейтинг - це незалежна оцінка кредитоспроможності країни або суверенного утворення. Standard & Poor's (S&P) - компанія з фінансових послуг, що базується в США.","ПІІ (прямі іноземні інвестиції) - це інвестиції у формі контрольного володіння бізнесом в одній країні суб'єктом господарювання, що базується в іншій країні. Розраховується як відсоток від ВВП.",,,,,,,,,
31,Georgian,ქართული,ინდიკატორი,განმარტება,რანგი,სამიზნე,ეკონომიკური პროგრესის გაზომვის მატრიცა,ქვეყნის დაფა,ეკონომიკური ზრდის ძირითადი მაჩვენებლები,ზრდის ხელშემწყობი საშუალებები,"შენიშვნა: სულ 19 თანატოლთა რანგის ქვეყანაა, რომლებიც წამყვანად გამოიყენება ქვეყნის პროგრესის შესაფასებლად. ისინი იყოფა ორ ქვეჯგუფად. პირველი ჯგუფი, ე.წ. ""ასპირაციული თანატოლები"", არიან ""ევროკავშირის ახალი წევრი ქვეყნები"": ბულგარეთი, ხორვატია, კვიპროსი, ჩეხეთი, ესტონეთი, უნგრეთი, ლატვია, ლიტვა, მალტა, პოლონეთი, რუმინეთი, სლოვენია და სლოვაკეთი. ქვეყნების მეორე ჯგუფია ე.წ. ""სტრუქტურული თანატოლები"", ანუ დასავლეთ ბალკანეთის ქვეყნები, რომლებიც შედგება ალბანეთის, ბოსნია და ჰერცეგოვინის, კოსოვოს, მონტენეგროს და სერბეთისგან. თუ მონაცემები რომელიმე ქვეყნის ან კონკრეტული ინდიკატორის ნაკლებობაა, მაშინ წოდება ნაჩვენებია იმ ჯგუფების გამოყენებით, რომელთათვისაც მონაცემები ხელმისაწვდომია (ანუ 19 ქვეყანაზე ნაკლები).",მაკედონია და დასავლეთ ბალკანეთის ქვეყნები,მაკედონია და ახალი ევროპის ქვეყნები,ძირითადი ინდიკატორების სამიზნეები,ზრდის ხელშემწყობი მიზნები,"ამ ინდიკატორებისთვის ნაჩვენებია გამოთვლები წინა წლისთვის, რადგან შერჩეული წლის ღირებულება ჯერ არ არის გამოქვეყნებული.",ეკონომიკური ზრდის ძირითადი მაჩვენებლები (განმარტებულია):,ზრდის დამხმარე საშუალებები (განმარტებულია):,მონაცემთა წყარო,"მშპ – ს ზრდა 5 წლის საშუალო მაჩვენებელი (%) - მთლიანი შიდა პროდუქტი (მთლიანი შიდა პროდუქტი) არის მთლიანი ფულადი ან საბაზრო ღირებულება ქვეყნის მზა პროდუქტებსა და მომსახურებებში, რომლებიც წარმოებულია კონკრეტულ ვადებში. გამოითვლება ბოლო ხუთი წლის საშუალო ზრდად.","უმუშევრობის დონე - უმუშევრობის დონე ზომავს მშრომელთა წილს სამუშაო ძალაში, რომელთაც ამჟამად არ აქვთ სამუშაო, მაგრამ აქტიურად ეძებენ სამუშაოს. გამოითვლება 15 – დან 65 წლამდე უმუშევარი ადამიანების პროცენტულად.",დასაქმების ზრდა - 15 – დან 65 წლამდე ასაკის მუშაკთათვის გამოითვლება როგორც დასაქმების ზრდა წინა წელთან შედარებით.,"ექსპორტის ზრდა - ექსპორტი არის საქონელი და მომსახურება, რომლებიც ერთ ქვეყანაში იწარმოება და სხვა ქვეყანაში მყიდველებს ყიდიან. გაანგარიშებულია როგორც ექსპორტის ზრდა წინა წელთან შედარებით.",საკრედიტო რეიტინგი (S&P) - საკრედიტო რეიტინგი არის ქვეყნის ან სუვერენული სუბიექტის კრედიტუნარიანობის დამოუკიდებელი შეფასება. Standard & Poor's (S&P) არის აშშ – ში დაფუძნებული ფინანსური მომსახურების კომპანია.,პირდაპირი უცხოური ინვესტიციები (უცხოური პირდაპირი ინვესტიციები) - არის ინვესტიცია ერთ ქვეყანაში ბიზნესის კონტროლის მფლობელობის სახით სხვა ქვეყანაში დაფუძნებული სუბიექტის მიერ. გამოითვლება მშპ – ს პროცენტულად.,,,,,,,,,
32,Armenian,Հայերեն,Ուցանիշ,Բացատրություն,Աստիճան,Թիրախ,Տնտեսական առաջընթացի չափման մատրից,Երկրի կառավարման վահանակ,Տնտեսական աճի հիմնական ցուցանիշները,Աճի հնարավորությունները,"Նշում. Ընդհանուր առմամբ կան 19 հասակակիցների դասակարգման երկրներ, որոնք օգտագործվում են որպես խարիսխ `երկրի առաջընթացը գնահատելու համար: Նրանք բաժանված են երկու ենթախմբերի: Առաջին խումբը, այսպես կոչված, «ձգտող հասակակիցները» «ԵՄ նոր անդամ երկրներն» են ՝ Բուլղարիա, Խորվաթիա, Կիպրոս, Չեխիա, Էստոնիա, Հունգարիա, Լատվիա, Լիտվա, Մալթա, Լեհաստան, Ռումինիա, Սլովենիա և Սլովակիա: Երկրների երկրորդ խումբը, այսպես կոչված, «Կառուցվածքային հասակակիցներն» են, այսինքն ՝ Արևմտյան Բալկանների երկրները ՝ բաղկացած Ալբանիայից, Բոսնիա և Հերցեգովինայից, Կոսովոյից, Չեռնոգորիայի և Սերբիայից: Եթե ​​տվյալները որևէ երկրի կամ որոշակի ցուցանիշի պակաս ունեն, ապա դասակարգը ցույց է տրվում ՝ օգտագործելով այն երկրների խումբը, որոնց համար տվյալները մատչելի են (այսինքն ՝ 19 երկրներից պակաս):",Մակեդոնիա և Արևմտյան Բալկանյան երկրներ,Մակեդոնիան և նոր եվրոպական երկրները,Հիմնական ցուցանիշների թիրախները,Աճի հնարավորությունների թիրախները,"Այս ցուցանիշների համար ցույց տրված հաշվարկները նախորդ տարվա համար են, քանի որ ընտրված տարվա արժեքը դեռ հրապարակված չէ:",Տնտեսական աճի հիմնական ցուցանիշները (բացատրված).,Աճի հնարավորությունները (բացատրված է).,Տվյալների աղբյուր,ՀՆԱ-ի աճ 5 տարվա միջինը (%) - Համախառն ներքին արդյունքը (ՀՆԱ) որոշակի ժամանակահատվածում երկրի սահմաններում արտադրված բոլոր պատրաստի ապրանքների և ծառայությունների ընդհանուր դրամական կամ շուկայական արժեքն է: Հաշվարկված է որպես վերջին հինգ տարվա միջին աճ:,"Գործազրկության մակարդակ. Գործազրկության մակարդակը չափում է այն աշխատողների մասնաբաժինը, որը ներկայումս աշխատանք չունի, բայց ակտիվորեն աշխատանք է փնտրում: Հաշվարկվում է որպես 15-ից 65 տարեկան գործազուրկների տոկոս:",Empբաղվածության աճ. Հաշվարկվում է որպես զբաղվածության աճ նախորդ տարվա համեմատ `15-ից 65 տարեկան աշխատողների համար:,"Արտահանման աճ - Արտահանումը ապրանքներ և ծառայություններ են, որոնք արտադրվում են մի երկրում և վաճառվում գնորդներին մեկ այլ երկրում: Հաշվարկված է որպես արտահանման աճ նախորդ տարվա համեմատ:",Վարկային վարկանիշ (S&P) - Վարկանիշը երկրի կամ ինքնիշխան կազմակերպության վարկունակության անկախ գնահատում է: Standard & Poor's (S&P) - ը ԱՄՆ – ում տեղակայված ֆինանսական ծառայությունների ընկերություն է:,"ՕՈՒՆ (օտարերկրյա ուղղակի ներդրումներ) - ներդրում է, որը վերահսկում է սեփականությունը մեկ երկրում գործող բիզնեսի ՝ մեկ այլ երկրում հիմնված սուբյեկտի կողմից: Հաշվարկվում է որպես ՀՆԱ-ի տոկոս:",,,,,,,,,
33,Maltese,Malti,Indikatur,Spjegazzjoni,Grad,Mira,Matriċi għall-kejl tal-progress ekonomiku,Dashboard tal-Pajjiż,Indikaturi Ewlenin tat-Tkabbir Ekonomiku,Faċilitaturi tat-Tkabbir,"Nota: B'kollox hemm 19-il pajjiż ta 'klassifikazzjoni bejn il-pari li jintużaw bħala ankra biex jiġi vvalutat il-progress tal-pajjiż. Huma maqsuma f'żewġ sottogruppi. L-ewwel grupp, l-hekk imsejħa ""Aspirational Peers"", huma l- ""Istati Membri l-Ġodda ta 'l-UE"": il-Bulgarija, il-Kroazja, Ċipru, ir-Repubblika Ċeka, l-Estonja, l-Ungerija, il-Latvja, il-Litwanja, Malta, il-Polonja, ir-Rumanija, is-Slovenja u s-Slovakkja. It-tieni grupp ta ’pajjiżi huma l-hekk imsejħa"" Sħab Strutturali "", jiġifieri l-pajjiżi tal-Balkani tal-Punent magħmula mill-Albanija, il-Bosnja u Ħerzegovina, il-Kosovo, il-Montenegro u s-Serbja. Jekk id-dejta hija nieqsa għal xi pajjiż jew indikatur speċifiku, allura r-rank jintwera bl-użu tal-grupp ta ’pajjiżi li għalihom id-dejta hija disponibbli (jiġifieri inqas minn 19-il pajjiż).",Il-Maċedonja u l-Pajjiżi tal-Balkani tal-Punent,Il-Maċedonja u l-Pajjiżi l-Ġodda Ewropej,Miri ta 'Indikaturi Ewlenin,Miri tal-Faċilitaturi tat-Tkabbir,"Għal dawn l-indikaturi, il-kalkoli murija huma għas-sena preċedenti, peress li l-valur tas-sena magħżula għadu ma ġiex ippubblikat.",Indikaturi Ewlenin tat-Tkabbir Ekonomiku (spjegati):,Tagħmir li jiffaċilita t-tkabbir (spjegat):,Sors tad-dejta,Tkabbir tal-PGD Medja ta '5 snin (%) - Prodott domestiku gross (PGD) huwa l-valur monetarju jew tas-suq totali tal-prodotti lesti u s-servizzi kollha prodotti fil-fruntieri ta' pajjiż f'perjodu ta 'żmien speċifiku. Ikkalkulat bħala tkabbir medju għall-aħħar ħames snin.,Ir-rata tal-qgħad - Ir-rata tal-qgħad tkejjel is-sehem tal-ħaddiema fil-forza tax-xogħol li bħalissa m'għandhomx xogħol iżda qed ifittxu xogħol b'mod attiv. Ikkalkulat bħala persentaġġ ta 'nies qiegħda bejn l-età ta' 15 u 65 sena.,"It-tkabbir fl-impjiegi - Ikkalkulat bħala Tkabbir fl-impjiegi meta mqabbel mas-sena ta 'qabel, għal ħaddiema bejn l-età ta' 15 u 65 sena.",Tkabbir fl-esportazzjonijiet - L-esportazzjonijiet huma oġġetti u servizzi li huma prodotti f'pajjiż wieħed u mibjugħa lil xerrejja f'ieħor. Ikkalkulat bħala tkabbir fl-esportazzjoni mqabbel mas-sena ta 'qabel.,Klassifikazzjoni tal-kreditu (S&P) - Klassifikazzjoni tal-kreditu hija valutazzjoni indipendenti tal-affidabbiltà kreditizja ta 'pajjiż jew entità sovrana. Standard & Poor's (S&P) hija kumpanija tas-servizzi finanzjarji bbażata fl-Istati Uniti.,FDI (Investimenti Diretti Barranin) - huwa investiment fil-forma ta 'pussess ta' kontroll f'negozju f'pajjiż wieħed minn entità bbażata f'pajjiż ieħor. Ikkalkulat bħala persentaġġ tal-PGD.,,,,,,,,,
34,Icelandic,Íslenska,Vísir,Útskýring,Staða,Skotmark,Fylki til að mæla efnahagslegar framfarir,Landsmælaborð,Helstu vísbendingar um hagvöxt,Vaxtarvirkni,"Athugið: Alls eru 19 jafningjaröð sem eru notuð sem akkeri til að meta framfarir í landinu. Þeim er skipt í tvo undirhópa. Fyrsti hópurinn, svokallaðir „Aspirational Peers“, eru „nýju ESB-ríkin“: Búlgaría, Króatía, Kýpur, Tékkland, Eistland, Ungverjaland, Lettland, Litháen, Malta, Pólland, Rúmenía, Slóvenía og Slóvakía. Seinni hópur landanna eru svokallaðir „Structural Peers“, þ.e Vestur-Balkanskaga, sem samanstanda af Albaníu, Bosníu og Hersegóvínu, Kosovo, Svartfjallalandi og Serbíu. Ef gögn vantar fyrir eitthvert land eða ákveðna vísbendingu, þá er röðin sýnd með því að nota hóp þeirra landa sem gögn eru til um (þ.e. innan við 19 lönd).",Makedónía og lönd á Vestur-Balkanskaga,Makedónía og nýju Evrópulöndin,Markmið lykilvísa,Markmið vaxtarvaldanna,"Fyrir þessa vísbendingar eru sýndir útreikningar fyrir fyrra ár, þar sem gildi valins árs hefur ekki enn verið birt.",Helstu vísbendingar um hagvöxt (útskýrðir):,Vaxtarvirkni (útskýrt):,Gagnaheimild,Vöxtur landsframleiðslu 5 ára meðaltal (%) - Verg landsframleiðsla (VLF) er heildar peninga eða markaðsvirði allra fullunninna vara og þjónustu sem framleidd er innan landamæra lands á tilteknu tímabili. Reiknað sem meðalvöxtur síðustu fimm árin.,Atvinnuleysi - Atvinnuleysi mælir hlutfall launafólks á vinnumarkaði sem ekki hefur nú vinnu en er í virkri atvinnuleit. Reiknað sem hlutfall atvinnulausra á aldrinum 15 til 65 ára.,"Vöxtur í atvinnu - Reiknaður sem vöxtur í atvinnu miðað við fyrra ár, hjá starfsmönnum á aldrinum 15 til 65 ára.",Vöxtur útflutnings - Útflutningur er vara og þjónusta sem er framleidd í einu landi og seld til kaupenda í öðru. Reiknað sem vöxtur útflutnings miðað við árið áður.,Lánshæfismat (S&P) - Lánshæfismat er sjálfstætt mat á lánstrausti lands eða fullvalda aðila. Standard & Poor's (S&P) er bandarískt fjármálaþjónustufyrirtæki.,FDI (Foreign Direct Investments) - er fjárfesting í formi ráðandi eignarhalds í fyrirtæki í einu landi af einingu með aðsetur í öðru landi. Reiknað sem hlutfall af landsframleiðslu.,,,,,,,,,
